budget,contrast,n,mean,lo,hi,stable_mean
0.05,router_minus_dither,204,2.255794839823947,1.5514789524292674,2.9939158395140515,2.255794839823947
0.05,oracle_minus_router,204,3.7515151396004205,2.971749477423035,4.55759745901021,3.7515151396004205
0.05,oracle_minus_dither,204,6.007309979424368,5.110075520548752,6.8723085006557385,6.007309979424368
0.1,router_minus_dither,263,2.538118360349283,1.832880567325002,3.25764353584515,2.4104622108679195
0.1,oracle_minus_router,263,1.5535499773098036,1.1851059246356739,1.9316762805776941,0.8238901458437148
0.1,oracle_minus_dither,263,4.091668337659087,3.2570206540606224,4.9488273109608105,3.2343523567116343
0.15,router_minus_dither,265,2.0194810006603503,1.4970848110018284,2.5812264815066595,1.5025039633212525
0.15,oracle_minus_router,265,0.5546256067617888,0.3855087963290189,0.7428241198121007,0.20074723105804634
0.15,oracle_minus_dither,265,2.5741066074221393,1.9500350595785763,3.2221290944601004,1.7032511943792987
0.2,router_minus_dither,265,1.3070298137154965,0.8638791853667428,1.786156982394322,0.4904075076474861
0.2,oracle_minus_router,265,0.24371110193384551,0.15400173759216804,0.3452103813348706,0.06222730027694363
0.2,oracle_minus_dither,265,1.5507409156493426,1.0443968906858059,2.0989443371459,0.5526348079244296
0.3,router_minus_dither,265,0.38302818671712335,0.14007476325023852,0.6733482840910269,0.0
0.3,oracle_minus_router,265,0.06609558215681104,0.009397418797016065,0.14961771697930573,0.0
0.3,oracle_minus_dither,265,0.44912376887393435,0.2054759596738048,0.7458926581408617,0.0
0.5,router_minus_dither,265,0.019688045078853446,0.0,0.05906413523656034,0.0
0.5,oracle_minus_router,265,0.0,0.0,0.0,0.0
0.5,oracle_minus_dither,265,0.019688045078853446,0.0,0.05906413523656034,0.0
