budget,rule,n,n_sequences,mean,lo,hi,rgb_mean,yuv_mean,rgb_max,yuv_max,rgb_over,yuv_over,stable_n,stable_mean
0.05,oracle,204,50,20.902753366900036,18.707397934738935,23.129787938589843,0.04025628054832128,0.043524927879472694,0.06684690848536898,0.1030194450580808,18,51,204,20.902753366900036
0.05,router,204,50,17.151238227299615,14.836837863877857,19.62460217820443,0.03998271700057285,0.04193556507649378,0.06788783120084964,0.10023730154627941,9,41,204,17.151238227299615
0.05,dither,204,50,14.895443387475668,12.59516146049122,17.344548955624038,0.04068488142916918,0.043526853637705344,0.06640838710026536,0.09166426416377149,17,54,204,14.895443387475668
0.05,uniform,204,50,10.480089982350668,8.146817276569191,13.029823028707867,0.03282775218813903,0.035310035602971676,0.049867321797353766,0.0722466454241264,0,24,204,10.480089982350668
0.1,oracle,263,53,29.5195864416725,27.82520687518172,31.127351629058598,0.07870867536218026,0.08726867643971173,0.109843875346532,0.2914803947614928,10,66,204,32.42264808368643
0.1,router,263,53,27.966036464362695,26.11501933009649,29.762318346734073,0.07856400469530274,0.08342470611961568,0.109843875346532,0.2914803947614928,7,49,204,31.598757937842723
0.1,dither,263,53,25.42791810401341,23.355534414549858,27.367173429804318,0.08047736973634281,0.08830259325262622,0.109843875346532,0.2914803947614928,13,71,204,29.188295726974804
0.1,uniform,263,53,21.074864392951415,18.938283204311794,23.165775042043116,0.062351167828818034,0.069463193454789,0.109843875346532,0.2914803947614928,1,24,204,24.786457273305633
0.15,oracle,265,53,34.25797601709576,32.98492276371462,35.41896990980461,0.11231661708307203,0.12154384126870998,0.15156986362400623,0.3138070061331675,2,47,204,36.55608145727052
0.15,router,265,53,33.70335041033397,32.37288472642126,34.93956359300598,0.11278630077763183,0.11966426333814155,0.15660101276816618,0.345365701539464,3,37,204,36.35533422621247
0.15,dither,265,53,31.68386940967362,30.145142985678884,33.13994055983593,0.11426230936711061,0.12263756647351388,0.15820193632063576,0.3518572120173147,4,49,204,34.85283026289122
0.15,uniform,265,53,27.84105028746263,26.160010445792718,29.532279116365142,0.09064959268915762,0.09971256410839047,0.15660101276816618,0.3261943353323318,1,19,204,30.94029078880946
0.2,oracle,265,53,36.55838872351736,35.59573572179619,37.37339296942612,0.138870883469693,0.1476566983479832,0.2053921245254696,0.3685487880549587,2,36,204,38.21270702224152
0.2,router,265,53,36.31467762158352,35.33308725709904,37.17290182363874,0.13879533588735515,0.14649125097860885,0.20964956034745807,0.38080883479833716,2,31,204,38.15047972196457
0.2,dither,265,53,35.007647807868025,33.814732571958366,36.102263147440155,0.14027855250938417,0.14819427453614845,0.20771248237642093,0.37766782306668034,2,39,204,37.66007221431709
0.2,uniform,265,53,32.011826938053346,30.50338682138695,33.45000863693795,0.11491413414313016,0.12338349900482115,0.19813605448558747,0.3261943353323318,0,16,204,34.95945746407789
0.3,oracle,265,53,38.407232449302136,37.902354800068544,38.792522005385386,0.1707557161560084,0.17844493806476397,0.29830940029543973,0.4864293366207306,0,16,204,39.0039858002873
0.3,router,265,53,38.34113686714532,37.783940914554414,38.760436780680465,0.16999812403336653,0.17755694107685613,0.29830940029543973,0.4864293366207306,0,15,204,39.0039858002873
0.3,dither,265,53,37.9581086804282,37.300266710739095,38.50351376418235,0.17075520993761975,0.1779471797095138,0.29830940029543973,0.4864293366207306,0,17,204,39.0039858002873
0.3,uniform,265,53,36.5545099861217,35.520784854888916,37.49369741273375,0.15359221656230515,0.16098699499370162,0.29830940029543973,0.33994028566949197,0,4,204,38.759195015710944
0.5,oracle,265,53,39.05564623789967,38.93185765446638,39.12455439567566,0.18719639352048792,0.1949607435161063,0.46685646534147374,0.6145037823558539,0,6,204,39.12455439567566
0.5,router,265,53,39.05564623789967,38.93185765446638,39.12455439567566,0.18722328703807659,0.19497727647684077,0.4735338574014235,0.6145037823558539,0,6,204,39.12455439567566
0.5,dither,265,53,39.03595819282082,38.89814187726885,39.12455439567566,0.18736597901924815,0.19510336305946407,0.47379559666543564,0.6145037823558539,0,6,204,39.12455439567566
0.5,uniform,265,53,38.8432966088349,38.44953570725783,39.12455439567566,0.18381095867189734,0.19133527772902167,0.4580193479149074,0.6145037823558539,0,4,204,39.12455439567566
