image,qp,bpp_actual,released_yuv611_db,router_yuv611_db,released_minus_router_db,delta444_vs_e15_db,released_relative_conv_mac_saved_pct,legacy_model_mac_saved_pct,exit_map,stream_sha256
kodim01.png,0,0.036783854166666664,27.207571648115962,27.026460608883554,0.1811110392324089,0.07955890759462451,35.84308631910572,36.64011219362669,2/2/2/2/2/3,793c0c1062f8e927adbafc3291c56aea40cd9b18efc8a74b75e0605a36b607a3
kodim01.png,16,0.10245768229166667,29.589006305843455,29.500161648617727,0.08884465722572799,0.025616769964627133,23.42098354313191,24.217887314361864,3/3/3/3/3/3,25ec54029c8b99c064ade3d48db2e9c85dbcf27e825280084002527f8b673433
kodim01.png,32,0.3382771809895833,32.63550268441956,32.52754336733321,0.10795931708635464,0.04130330991279476,23.42098354313191,24.217887314361864,3/3/3/3/3/3,ae06007c9ebef84894b8aacaaf7d551a9a062076aac97590586a42652d609ceb
kodim01.png,48,0.86895751953125,36.54644691529084,36.383938317502974,0.16250859778786975,0.08649791748014082,23.42098354313191,24.217887314361864,3/3/3/3/3/3,734ba0881ef11e9f855d944d492f5481020be765ee727488a15c539a0512baec
kodim01.png,63,1.57232666015625,40.25770281774342,40.07368808772329,0.1840147300201309,0.11610806141192259,15.251965566318004,15.828351768059068,3/5/5/3/3/3,255c05fad4f37925bb9b0deb26f8c0ef8bf8d15491a7e79d4f28d3564f879113
kodim02.png,0,0.01776123046875,31.132152691937712,30.923269083913194,0.208883608024518,0.19212601327713041,38.327506874300475,39.12455746750288,2/2/2/2/2/2,98596b5201e0df730a3732d508c194ed0784f6cacb709668a10b76dc218fdf9e
kodim02.png,16,0.037943522135416664,33.040863892728986,32.96727728671118,0.07358660601780542,0.058131304490511806,23.42098354313191,24.217887314361864,3/3/3/3/3/3,b36c00c61674ee906b88d2dec7375be410162170e2e305930e27e694959fd497
kodim02.png,32,0.09578450520833333,35.1400710177647,35.030545864573384,0.1095251531913135,0.07074849733670045,23.42098354313191,24.217887314361864,3/3/3/3/3/3,8a9c0c3e7fb669a54aecc7eedfa0b9a3f8dc97f711c347bf316019e7bb7a9ad1
kodim02.png,48,0.2873331705729167,38.0508301859407,37.89364489010636,0.1571852958343385,0.11197052587520662,25.905404098326677,26.702334078354173,3/3/3/3/3/2,f45b96830b9a354516c5be1824762d7a3b3acbdfb4d3b9ba28ff82e06f09b9b9
kodim02.png,63,0.6896565755208334,41.29788056386293,41.1263663731134,0.17151419074953367,0.15106262371918103,21.64402868552321,22.352744730514818,3/4/3/3/3/3,378d677e0a46756514cadc24a0d382eb3607746233ce9c545a6dee783317ddee
kodim03.png,0,0.01995849609375,32.13991161692611,31.926649852340798,0.2132617645853152,0.17493563798061973,35.84308631910572,36.64011219362669,3/2/2/2/2/2,dab76968162c02af7ef1ab696587eba1587950ef2417b493ce3868b8cdc3b18d
kodim03.png,16,0.040201822916666664,34.3382473205811,34.21771912020767,0.12052820037342826,0.08967398997493636,28.389824653521433,29.186777862114244,3/3/2/2/3/3,b8becbc5ff6f75da13a368adb790bdbee5ccf31048bd27b3a3c4a8b674c7a4d0
kodim03.png,32,0.10009765625,37.429354145944885,37.253891025235944,0.17546312070894032,0.12820348724745498,28.389824653521433,29.186777862114244,3/3/2/2/3/3,5160fd13f7096e283d2144e922ccb83f6b0b983319927a315adaa55d5af1d60b
kodim03.png,48,0.21624755859375,40.508430769408854,40.26326563037776,0.24516513903109427,0.19600127247555382,28.389824653521433,29.186777862114244,3/3/2/2/3/3,619db3d05240f60ec34d662bad7f0fe6febb16afeef1c998c5319f3271d5a74c
kodim03.png,63,0.4275919596354167,43.495285974010486,43.311507005377045,0.18377896863344034,0.13024303504915155,20.220806676707525,20.79724231581145,5/5/2/2/3/3,70a2eb14d7004c9d006c12553c67f00f210f0b24977bb637fa2d80512719a191
kodim04.png,0,0.023111979166666668,31.00081071701118,30.829540777529886,0.1712699394812951,0.13618276622435063,35.84308631910572,36.64011219362669,2/2/2/2/2/3,a36d99de247d42ad5b8c07c43f99bcb0e1f1bd222482fc42b92aface371edfb9
kodim04.png,16,0.04840087890625,33.12476151822164,33.00223297374957,0.12252854447206829,0.08338610528465903,25.905404098326677,26.702334078354173,3/3/2/3/3/3,edf829121f17c7a020c8692362a65621781703aefb69258b07dce1697836cc78
kodim04.png,32,0.12369791666666667,35.54900188218861,35.426388197878865,0.12261368430974784,0.07636458336253112,25.905404098326677,26.702334078354173,3/3/2/3/3/3,e604fb293eb88cc04b9990ad68583f500cb6ee4e2599a2c88c6319a9db858b58
kodim04.png,48,0.3224283854166667,38.56906157686476,38.39843714497837,0.1706244318863952,0.1343701202070519,28.389824653521433,29.186777862114244,3/3/2/2/3/3,77fd9e109c26df3b602ca906a76129cddfada0b7895f10b64f0f7d2211145b09
kodim04.png,63,0.6866251627604166,41.65871394826078,41.47165012826252,0.18706381999826505,0.15482935252386504,24.835914938304015,25.456483753723436,3/4/2/2/4/3,8a2b31a5e981aadc60581eac208b5e7a769c2d8e14bd7b3484813b6bc391931e
kodim05.png,0,0.07010904947916667,25.72659577286019,25.65996450421295,0.06663126864723878,0.044259502734545306,23.42098354313191,24.217887314361864,3/3/3/3/3/3,960715e7a35c8daecd0fecc3989092121ceebe656bab2c3f6bd1f1610411880a
kodim05.png,16,0.18204752604166666,28.99110700711984,28.905004806145225,0.08610220097461507,0.05601939586144712,16.313164112697077,16.757299097580248,4/4/4/3/4/3,3f44ce136dc4ab08a2fde5bd11bf711f2d0bd366ace306c8c3b2b1750d968e46
kodim05.png,32,0.42327880859375,32.69705764053393,32.55671850439824,0.14033913613568672,0.09603349290382056,16.313164112697077,16.757299097580248,4/4/4/3/4/3,4a0dd61b2e85307273d666ed9e9c150d395f6a5cdd64668f3c245b1bd25cc300
kodim05.png,48,0.8362019856770834,36.575498929034794,36.441655821196626,0.13384310783816744,0.08643029300777394,8.144146135883156,8.367763551277452,5/5/4/4/4/4,487a81ef7e3b63b8f66daef8af73c4a148a4359694fb17fc0a77f2ae8b2a962f
kodim05.png,63,1.4284871419270833,40.18785697393306,40.050824414339,0.13703255959406135,0.07150429312934298,-1.0860703873098343,-0.9507193245465118,5/5/5/5/5/5,231342448b78cdd6117cf4741e2722ae782e5848f794682010880e5b5aeb3507
kodim06.png,0,0.030619303385416668,28.081163156622527,27.95009932828368,0.13106382833884567,0.057335542534697186,35.84308631910572,36.64011219362669,2/2/2/3/2/2,bf1aa74fc488136c2f562a360cebc8f66e9d1afc3bc9144c86a3ac2fb7190aab
kodim06.png,16,0.09698486328125,30.71757457223529,30.620573698463208,0.09700087377208177,0.04743625861892927,28.389824653521433,29.186777862114244,3/3/2/3/3/2,07273be74f933649fadb52f19fb1f81f56d37519385be71f56750fd4b6af3df4
kodim06.png,32,0.2754313151041667,33.97750941878398,33.83869067467279,0.138818744111191,0.06856564872364876,25.905404098326677,26.702334078354173,3/3/2/3/3/3,dec9b464e313a71e790dd0810813c2cd34a1ef5100b8f3b7da4fea091a27f059
kodim06.png,48,0.6298014322916666,37.54993105515164,37.37046019609241,0.17947085905922933,0.12070894806038157,28.389824653521433,29.186777862114244,3/3/2/3/3/2,155b615e69cc098acbb0a3d1d16b55e9b108f02f60908a33da24e92beca7502d
kodim06.png,63,1.1542765299479167,41.0575500783733,40.92282044517245,0.1347296332008554,0.09406338914653227,15.959431263904044,16.447647007507616,5/5/2/4/3/3,891eaee8ddfadd30620665832d22eee616ed0ad7eab120b4fb3f9fe124643287
kodim07.png,0,0.038106282552083336,29.673543953359623,29.546066052387918,0.12747790097170508,0.11361607396817272,33.358665763910956,34.1556669197505,2/3/2/2/2/3,9a66950b689ce5700e75ec00dc5072f650f2308e1f220b184f00f0def64ce409
kodim07.png,16,0.08133951822916667,33.08991594043952,32.989187081992256,0.10072885844726187,0.08995774046091015,23.42098354313191,24.217887314361864,3/3/3/3/3/3,4ca4a0bed698ec8a6e50efa374891ca6bf5cd18da35887fc5b9e96af5d1d3abb
kodim07.png,32,0.16379801432291666,36.62166036839119,36.485742256945386,0.1359181114458039,0.12000892073927541,23.42098354313191,24.217887314361864,3/3/3/3/3/3,29c3e71f70a732e8020ba3cc89066e58aba96d57377eb22ed38069b3ef7a9f93
kodim07.png,48,0.3036295572916667,40.118298099513034,39.86935764634814,0.24894045316489155,0.2323220125425657,28.389824653521433,29.186777862114244,2/3/3/2/3/3,f42b91f5bba6a8e2de4066440911274a1d0894e37c5e614ed16345b39d8a73fe
kodim07.png,63,0.5331624348958334,43.21262786497135,42.908015860672975,0.3046120042983773,0.2989315284665989,28.389824653521433,29.186777862114244,2/3/3/2/3/3,5aa06593ee7ae612663f88cfba376dfcb5ad0bf38112d00717c4816ab26321e6
kodim08.png,0,0.08046468098958333,26.526260886815887,26.413921843539892,0.11233904327599475,0.06742425395711624,23.42098354313191,24.217887314361864,3/3/3/3/3/3,23adf04fdb566c243e716d55206650b6b6518e96194b8f61fe14724ae57c984e
kodim08.png,16,0.17974853515625,29.39871746153304,29.305882149047765,0.0928353124852741,0.057388897961532716,12.759254397479658,13.0270020089572,4/4/4/4/4/4,00de5f5c14b4fc69fecf0a0a52216c26efec4138ae0805d1285201b2037fefbf
kodim08.png,32,0.3999430338541667,32.626403914558935,32.48339490171328,0.1430090128456527,0.0869212938747708,12.759254397479658,13.0270020089572,4/4/4/4/4/4,c9b5670644d1aee4347373e8ebf5e1ca699d931c84d959b3480937f64055315e
kodim08.png,48,0.8365275065104166,35.996853285415675,35.87161741361285,0.12523587180282192,0.06155218152358304,5.836592005084906,6.03813985208922,4/4/5/5/4/5,183d8fcbb83afe97a83ad58e886fa28e84e36b4ce1e50354e5bae613119418e5
kodim08.png,63,1.53558349609375,39.25236668604133,39.12773930289426,0.12462738314706456,0.03693526111688887,-1.0860703873098343,-0.9507193245465118,5/5/5/5/5/5,1c398a1f1eb7391f4ca57bfeacb46ce4e6840786073fe386b7d4bb352f5e8329
kodim09.png,0,0.025370279947916668,31.33806052118079,31.148511164689477,0.18954935649131244,0.1080770603563294,35.84308631910572,36.64011219362669,2/2/2/3/2/2,221110cebd9740ff73f92fbe1f73480c2d0fa867abf3e2c7b2ce09c93968e285
kodim09.png,16,0.054361979166666664,34.01291736044064,33.90221219075544,0.11070516968519684,0.07555855726803838,28.389824653521433,29.186777862114244,2/2/3/3/3/3,6ba2beef00c2115e19809e8f82152669b17f077a445a8a6a27037d2dbdbf5de8
kodim09.png,32,0.12263997395833333,37.092636286156534,36.951344243608,0.14129204254853533,0.09679275420756418,28.389824653521433,29.186777862114244,2/2/3/3/3/3,8bd388c29b21c258ec9bbbfb2fd3dc4d7c8e730fd43da8c508b05a79510f13cc
kodim09.png,48,0.25067138671875,40.04762893437733,39.873632299941555,0.17399663443577396,0.1303665667454305,28.389824653521433,29.186777862114244,2/2/3/3/3/3,74e3930ccc42a15dde7a06a0b0eeb9ff94a55e402b7c97b3884c82d5d5dc27a1
kodim09.png,63,0.4554036458333333,42.36901146776571,42.16025912422747,0.20875234353823657,0.17036223960376337,28.389824653521433,29.186777862114244,2/2/3/3/3/3,abe00c1c8a87f37da6c500b6c30b1791558301b492646eef16f7575ada9790ab
kodim10.png,0,0.025919596354166668,30.615096240961236,30.520828512121078,0.09426772884015833,0.06302735657797578,33.358665763910956,34.1556669197505,3/2/2/2/2/3,45e893de99e694c3d754b278f9e420d6c1bc9d7b6e07e2c0e58188f86bde19bb
kodim10.png,16,0.059529622395833336,33.75642918962572,33.65613945170572,0.10028973792000073,0.07271782632402057,25.905404098326677,26.702334078354173,3/3/2/3/3/3,2c7c3eb3664890f7d69d9584bdc43f1c74317c7eafa7aa27042108708b27e0b1
kodim10.png,32,0.12831624348958334,36.84723142887816,36.70464930081931,0.14258212805884796,0.10934975829574592,25.905404098326677,26.702334078354173,3/3/2/3/3/3,8b2d47c0ea273b3bd4bd6fa73a953b7fa718961076c4e6eb7872152927017368
kodim10.png,48,0.2557779947916667,39.7753293236135,39.57612339645432,0.19920592715917707,0.15985072850733753,29.097290351107485,29.80607310156279,3/2/2/3/2/4,df5e41a7d8375f3b278c440861c8b97fbb87e1dae50ff9fa418c6ddedd5646d6
kodim10.png,63,0.4745890299479167,42.17876237273231,41.98396814602037,0.19479422671193447,0.15973821367594765,26.789736220309234,27.476455362839037,3/2/2/3/2/5,afbffeb617701ffee907dc8e9d7c3b3c6a344b9cba856c9551ab6f9505fed099
kodim11.png,0,0.03082275390625,28.72351066382737,28.57665224063563,0.14685842319173759,0.0756079349245995,38.327506874300475,39.12455746750288,2/2/2/2/2/2,9ce19fa95edab644cab6394c58fbdc706a4b0204fcaeef5aa6ba91205ec12dc7
kodim11.png,16,0.07843017578125,31.260605472319675,31.180976118835062,0.07962935348461286,0.04136583622792436,25.905404098326677,26.702334078354173,3/3/3/2/3/3,d9cafa6664a4ab4b989646883696d4d496cac82879e6ab153aa28861fe54179d
kodim11.png,32,0.21116129557291666,34.1909633004842,34.085869739986926,0.10509356049727359,0.0686257705599692,25.905404098326677,26.702334078354173,3/3/3/2/3/3,aea0b46386a2a270941a8cc927d21b865ee63f926f5cc2ec161d8e4b695fef70
kodim11.png,48,0.50775146484375,37.57580065449109,37.440746645944344,0.13505400854674576,0.10121664104274672,24.835914938304015,25.456483753723436,3/4/2/2/4/3,ac95cf506f293a71de7bd0d99f38765b97161c59e98b4bcb4599107aa1e72ada
kodim11.png,63,1.0059407552083333,40.99557934074521,40.85683923400939,0.13874010673581694,0.10162966458752538,17.73638612151276,18.31279555181914,3/5/2/3/5/3,6859cdc44f2e0a1b6ee90e4f8353357c6ec42b179982e07c14804455a3f49197
kodim12.png,0,0.019816080729166668,31.62909831598833,31.46104008756243,0.1680582284258989,0.12190818337269813,38.327506874300475,39.12455746750288,2/2/2/2/2/2,42ed7eaefe6fbf5bf6b24499ac6bb3299f8c3267099429a86763c3d9131d8eea
kodim12.png,16,0.040181477864583336,33.8877412313601,33.742828342339216,0.14491288902088684,0.08711057785111306,28.389824653521433,29.186777862114244,3/3/3/2/3/2,51e0e157b297ccf899a58fb25c84c8e172a05781cab5b5b9679c1f12fc91ee92
kodim12.png,32,0.09804280598958333,36.50896150659997,36.3466404833406,0.16232102325936637,0.09984217460819426,28.389824653521433,29.186777862114244,3/3/3/2/3/2,65c9e07f1ba5d7536c67acfbeadf99420384742ce079ee75d772cd940311c2b4
kodim12.png,48,0.24727376302083334,39.379385807308196,39.13477562130677,0.2446101860014238,0.1730300530963957,35.84308631910572,36.64011219362669,2/3/2/2/2/2,b9034dd788220509841d5459665a3d955acbcc6281ba1b6eb55b3313c71874a9
kodim12.png,63,0.5440266927083334,42.389750462813105,42.15131018000449,0.23844028280861806,0.1983614616189756,29.274156775504,29.960899146599107,2/5/2/2/3/2,694e18e11b96c53331dcd542a2925482871a38c89ab57e44ecbc9cc776a83f0e
kodim13.png,0,0.056009928385416664,24.996586098440748,24.930617566369307,0.06596853207144093,0.02543410364649913,33.358665763910956,34.1556669197505,2/3/2/3/2/2,d35c42ae8fd802be18791c80798d956a47c8cdf132f2d27f491f195ea5e20a56
kodim13.png,16,0.21378580729166666,27.70028637739992,27.644610187922797,0.05567618947712205,0.020921663329462256,19.867073827914496,20.487596186203294,3/3/3/4/3/4,9d5aa8635d795ba0f7238eb59b91f5dc1a8ec12d80033bc0f0376fc46d6ca7bd
kodim13.png,32,0.6153767903645834,31.123260749453497,31.031482377377166,0.09177837207633033,0.044299317182209294,19.867073827914496,20.487596186203294,3/3/3/4/3/4,76883eb68ca1cf48d84edfa8bfd9f0f1bcfb2001d204e637f81f5e08d07bb875
kodim13.png,48,1.3327840169270833,35.021655185935415,34.933709381159375,0.08794580477604086,0.049264321166686616,11.698055851100575,12.098054679436022,3/5/3/5/4/4,93c6aa9f0026e7e6bc06ed5fa287689f332226bd3b578af7ec614a06a68dc29f
kodim13.png,63,2.14141845703125,38.191446097202906,38.08666874250736,0.10477735469554972,0.04731021684571616,2.99843860109712,3.2440469584887555,3/5/5/5/5/5,6b7f3cb1b99a1d702be6d6e550594baae4f4e87dbab32ac833f70a5b356d9ca2
kodim14.png,0,0.045206705729166664,27.00293725463274,26.922394453831263,0.08054280080147791,0.056789712387919855,28.389824653521433,29.186777862114244,3/2/2/3/3/3,5a1e77026227050417b4428007549dcc7fc87a46caeff6722bf7335f2dd0aad1
kodim14.png,16,0.11228434244791667,29.80837666790261,29.709605739267616,0.0987709286349947,0.06064758167516776,21.64402868552321,22.35273877005034,3/3/3/3/4/3,17ac9697de53b3a9a324747c692afca32aa736229d9515863a513a5b0dc12ae8
kodim14.png,32,0.2910563151041667,32.9539857042521,32.822886953694706,0.13109875055739195,0.08005690685321909,21.64402868552321,22.35273877005034,3/3/3/3/4/3,d1e245f1b9df377cf178ff088808913a044d4d0d598851ecca84db64a9f95cd8
kodim14.png,48,0.6787516276041666,36.556968505886886,36.41037938557659,0.14658912031029558,0.10340975865062735,18.266985394702296,18.777270706695848,4/3/2/3/5/4,f91652810119dced66c89720199f34b6ca0dd0f39afd74b1f566c3ea266e0876
kodim14.png,63,1.2812906901041667,40.10739240227544,39.98541870038586,0.1219737018895799,0.07746043564920502,5.482859156291886,5.7284937224810655,5/5/2/5/5/5,bd5587f3dccc2a3e4990f4ee84bc2061ef1a3583ccd873e7916731b60e2422d9
kodim15.png,0,0.025410970052083332,30.973349954618467,30.71964965010101,0.25370030451745507,0.22758301621391314,38.327506874300475,39.12455746750288,2/2/2/2/2/2,b08b8420ba1706078ce299beee6b709f2591125f339df3668ea8dc82160ae393
kodim15.png,16,0.047810872395833336,33.016144078127546,32.904669701326,0.11147437680154582,0.0777800064408653,23.42098354313191,24.217887314361864,3/3/3/3/3/3,6119f0ce992d90631d7b567e011c52378335504e71690f1be76002dd0607c884
kodim15.png,32,0.11673990885416667,35.57221707336443,35.438746166702046,0.1334709066623816,0.10523124516675657,23.42098354313191,24.217887314361864,3/3/3/3/3/3,1dc035180ebbee85f860445204bd8957959927a065bff13c2703fd5ed9ac401b
kodim15.png,48,0.30224609375,38.75912685327749,38.56322328656172,0.1959035667157707,0.17918493852582779,25.905404098326677,26.702334078354173,3/3/2/3/3/3,2892e4112cc4cfdcda6be94fd3bba4bfc7cbbf85a826c23e0516f11b45e0c052
kodim15.png,63,0.6348673502604166,41.79281097272306,41.6434556774961,0.149355295226961,0.10887356233396135,13.651877133105806,14.11802926878386,3/5/2/5/5/3,20d9aae4051e2be47fd47a048a1b68dcf491fbbab50f46c1df302f8d922600af
kodim16.png,0,0.01629638671875,30.529693685171196,30.40386934399532,0.12582434117587482,0.05280912760482344,38.327506874300475,39.12455746750288,2/2/2/2/2/2,1b331d940ae572b23455d65522f2a4aa47c3839d3a5579c478a3673653d5f2ee
kodim16.png,16,0.049072265625,32.75919706901074,32.640768279193736,0.11842878981700267,0.04838410735418959,33.358665763910956,34.1556669197505,2/2/2/3/2/3,0a59336e6a1ec46f3788d32bb8878bb48aa7ecc22f5cdf87128be0373ecd20fe
kodim16.png,32,0.1512451171875,35.62225118426356,35.488047359972825,0.1342038242907364,0.06605388301809495,33.358665763910956,34.1556669197505,2/2/2/3/2/3,b179ccf159f92d90087231fb0a5085131c7cd29ce7f66570f21f141a5aba32d9
kodim16.png,48,0.3871053059895833,38.99793562707797,38.797705670740676,0.2002299563372958,0.11356166812352211,35.84308631910572,36.64011219362669,2/2/2/2/2/3,db18410ffaf5e7c8b6b63a10afec843395c3a1b1be40d23f96bcc2c176d82106
kodim16.png,63,0.7789713541666666,42.36705217035886,42.12715620446955,0.2398959658893105,0.18570765477778736,35.84308631910572,36.64011219362669,2/2/2/2/2/3,c83675b3468fe6cd0358dcac3df63370fe789c8de54180f16628fadf78281aea
kodim17.png,0,0.02801513671875,30.292065456582993,30.2163068585574,0.07575859802559393,0.03091025429683488,38.327506874300475,39.12455746750288,2/2/2/2/2/2,55277c5a83873bf6b861b03d6d76eb3a91ebbe711944b3f3d473e0172696494d
kodim17.png,16,0.06907145182291667,33.12867303291662,33.042513374089566,0.08615965882705723,0.05037456042548596,30.8742452087162,31.671221645874315,2/3/2/3/2/3,c8c84c1963308aaf8bbbdac572e0c0e2a40143322b754ccfafd0dedb2efc0d34
kodim17.png,32,0.15602620442708334,36.0593937722605,35.917588521349465,0.1418052509110339,0.0845950106130468,30.8742452087162,31.671221645874315,2/3/2/3/2/3,4f5843f0ddad3ed79e3e6d711ec0070dba783d343501a67cf7cf6d662df4f808
kodim17.png,48,0.32891845703125,39.082388033746966,38.85825344567499,0.22413458807197628,0.16296626366761632,33.358665763910956,34.1556669197505,2/3/2/3/2/2,559cf6dad9ef83e644e646acf0efe293cd527e36aeab0bcc16a44ca085ba417b
kodim17.png,63,0.6301676432291666,41.863409217360235,41.63172556871203,0.23168364864820745,0.18942595498022757,29.274156775504,29.960899146599107,2/5/2/3/2/2,c39ad967b838028a37f1371ed57416ab6f50cc99fbf9956b2ff87e24a15fec38
kodim18.png,0,0.033976236979166664,26.56117375393927,26.5126518069858,0.048521946953467676,0.02576082879084667,35.84308631910572,36.64011219362669,2/2/2/3/2/2,47e99aee1ea0eb1a50330d270f006a23c1de9a1dd17f2400102d1e012ac9cb99
kodim18.png,16,0.12430826822916667,29.27056851729375,29.218581071815247,0.051987445478502536,0.033224439733612984,23.42098354313191,24.217887314361864,3/3/3/3/3/3,33556f3476a6804dddd815f79edf157dd9176699b98d095fdf2116340ebac6ec
kodim18.png,32,0.3531494140625,32.78453746958007,32.7034127424311,0.08112472714897478,0.05765734592508062,21.64402868552321,22.352744730514818,3/3/3/4/3/3,4b4417b142327828d9e6591c85032e2fc0b1ae4e3aedba9a17a1a052297ddc39
kodim18.png,48,0.7389729817708334,36.303876740880014,36.21457665309524,0.08930008778477116,0.06492055949502683,17.559519697116244,18.157972487015062,3/3/3/5/3/4,397d12ab9870875e4c0593a673124ff86ebb6d33bc7a9e75749845b4c80f322c
kodim18.png,63,1.2713419596354167,39.21668575230532,39.127900671928785,0.08878508037653177,0.048497598018441904,7.082947589504085,7.438813241524034,3/3/5/5/5/5,70d7217f83ebfbd46a7f6202277eeb893967a8b55c601ad601105d4e669398c0
kodim19.png,0,0.029927571614583332,30.015413548185403,29.894404102464563,0.1210094457208406,0.08362489736219571,30.8742452087162,31.671221645874315,2/2/3/3/3/2,0c2ce8191148bda6692972c93a40a4076dd8682da9a560d405fcbb5febac9167
kodim19.png,16,0.064208984375,32.26906352874934,32.168602105828846,0.10046142292049609,0.06973981920942662,26.61286979591273,27.32163229803496,2/2/4/3/3/3,2c744bd4c9891a25db12d77412b309190ef956280161668acdfa14162da4bff2
kodim19.png,32,0.1585693359375,34.62835599833917,34.504434097869314,0.12392190046985263,0.0791744791681605,28.389824653521433,29.186777862114244,2/2/3/3/3/3,8a293d337e1515c9a8bcbb6d7a3fe7215dbdf807dd19e476fcb806ef70d13832
kodim19.png,48,0.442138671875,37.90372780829162,37.74952309441693,0.15420471387469092,0.10633984625351206,26.61286979591273,27.32163229803496,2/2/4/3/3/3,a9655afd05c89812469a0e961e80aafdfc7600513d70a2369b5e54698665d109
kodim19.png,63,0.8884073893229166,41.09391831186998,40.98047502291145,0.1134432889585284,0.07417114829640291,16.13629768830056,16.60247305254393,2/2/5/5/5/3,c09094b1e5a8f88019852db8646802217d31e9a7f10256c36e20826e3f402871
kodim20.png,0,0.024800618489583332,31.26988505671264,31.132713274168253,0.13717178254438522,0.10165842612438669,30.8742452087162,31.671221645874315,3/2/2/3/3/2,302a7a5d867a893168bc78bfed663934eae9e1c88f4ffff9b16291644f1ab79c
kodim20.png,16,0.050923665364583336,33.77301740078383,33.63501079881983,0.13800660196400116,0.08957436821116985,28.389824653521433,29.186777862114244,3/2/2/3/3/3,2ac23bf1070ef2766531292a7483a0235ed0f9fee8ded861cfcf160fc7a0885f
kodim20.png,32,0.11297607421875,36.18087505103903,36.071333071564936,0.10954197947409483,0.08107528546098171,28.389824653521433,29.186777862114244,3/2/2/3/3/3,e4620f5e92a17a2aad11b15495b5c9c26a2faa95fdf75537b472fb71c86ab6ca
kodim20.png,48,0.2942097981770833,39.51205584177859,39.337137816146324,0.174918025632266,0.14609009441665968,30.8742452087162,31.671221645874315,3/2/2/3/3/2,1cfb80c3dd492d51d8f27b85865df3bcab122eafd2c169ff41e4ea6402d53c17
kodim20.png,63,0.5724283854166666,42.63537611988313,42.50455492236335,0.13082119751977928,0.08792563097889508,18.620718243495325,19.086916836304002,5/2/2/5/5/2,a22368bf99f6d1e937d02069fdddc53285814e1ebe4ee4c97ed9f707da973253
kodim21.png,0,0.03411865234375,28.197550492628363,28.108597526207276,0.08895296642108619,0.04925257033305475,35.84308631910572,36.64011219362669,2/2/2/3/2/2,de93867c7b7bc726584f27db6d429077faddbaa3f13ddd40e0aeb86504b59db9
kodim21.png,16,0.09853108723958333,31.004177339364233,30.946010587856335,0.05816675150789763,0.03477714989372933,25.905404098326677,26.702334078354173,3/3/2/3/3/3,2759c73273721b3b7db39c625b9ff1e388557bc5ba885b4f4d87083ea83a4831
kodim21.png,32,0.2601114908854167,34.25795683009835,34.16237425539396,0.09558257470438747,0.055958270148552675,28.389824653521433,29.186777862114244,3/2/2/3/3/3,f0bf4b06187c46c212d518f4301c7329c6a8f129ae95478d38507aaeb2b392dc
kodim21.png,48,0.5691324869791666,37.84031358642032,37.68321538302881,0.15709820339151293,0.11040148621927151,30.8742452087162,31.671221645874315,2/2/2/3/3/3,6ffebc039a3d063e44012fe8753cb12099106be709550bff892133b7141f7f81
kodim21.png,63,0.9798177083333334,40.94849044610538,40.79269979325069,0.15579065285469085,0.11612658869144529,22.70522723190228,23.28168609957152,2/2/2/5/5/3,5f242ff7ffbc1c1fc98995cc266067a02d82a3dd73de48ef86f27f3ced936885
kodim22.png,0,0.025980631510416668,28.60706476093294,28.515933423882565,0.09113133705037413,0.07066020270951419,35.84308631910572,36.64011219362669,2/3/2/2/2/2,58d47cba41490a0202164fd081f261cbd53381f173bc22445a0a13e2b86250bd
kodim22.png,16,0.06526692708333333,30.677865695877085,30.6094093081646,0.06845638771248375,0.04662414585183232,25.905404098326677,26.702334078354173,3/3/3/3/3/2,79bfe002d606da8372621045e325c19c48ac6fe4837dcc22df1a8669d89e2e94
kodim22.png,32,0.20090738932291666,33.38728469505904,33.29954925033415,0.08773544472488481,0.06676399609327607,25.905404098326677,26.702334078354173,3/3/3/3/3/2,99dd48b55cf9e60b483286945a4712ceffaa9ba22254e7354b5f009ebfb22a0b
kodim22.png,48,0.5305379231770834,36.90889977060735,36.80699090838198,0.10190886222537188,0.07763107779004463,21.820895109919725,22.507564815086656,3/5/3/3/3/2,32627cc8833351d373727290678c121f5ff267c7cc604b95874dddc9266a0cbe
kodim22.png,63,1.0273234049479167,40.2735374380998,40.14748666082565,0.12605077727415193,0.10586551526788439,15.251965566318004,15.828351768059068,5/5/3/3/3/3,5505b8fb4bb841a919b72a212a526df97dabf4278a1f9baa46ac66e08227c445
kodim23.png,0,0.026509602864583332,31.871432061060123,31.695059493568372,0.17637256749175023,0.18057973047580184,35.84308631910572,36.64011219362669,3/2/2/2/2/2,0f96cb6cacf5b6baa0126ebe7d55df1fca4aed987d1a48e0e3b4abe7624a2dbc
kodim23.png,16,0.049784342447916664,34.7143358838648,34.61684653296072,0.09748935090407684,0.10006740703602508,23.42098354313191,24.217887314361864,3/3/3/3/3/3,59f2c0862e3a126e39984644481c177658c761228364c08678a344e08a81ac76
kodim23.png,32,0.09637451171875,37.61060847718173,37.470737505672744,0.13987097150898364,0.14350634820759547,28.389824653521433,29.186777862114244,3/2/2/3/3/3,802a4d3c1cf831c19af2f32acf1beb75e1af04f3aec206a774f5f2a6124d79a1
kodim23.png,48,0.1927490234375,40.53611384257208,40.30589310066286,0.23022074190922126,0.2539592547443172,30.8742452087162,31.671221645874315,3/2/2/3/3/2,768443e7b887a41c4e2581ea755508756d056f780840464d8b3404c474839d8e
kodim23.png,63,0.3638509114583333,43.07272965951984,42.84405159659034,0.22867806292949666,0.24555327802414806,24.30531566511448,24.992008598846727,3/2/2/5/3/3,43b8aec6e2354d42ef48c07e7d8902b2b8e9bc333e25d5bf939bd74912101a46
kodim24.png,0,0.040669759114583336,26.81725394770006,26.736861797481062,0.08039215021899793,0.04526449522115092,30.8742452087162,31.671221645874315,3/3/3/2/2/2,1e0d044dc4ff4a52d3e21636db187112d08e0497f10d4e4b799176b3fdc8ca2d
kodim24.png,16,0.13346354166666666,29.686991093011212,29.603810235987677,0.08318085702353528,0.04804170505240915,19.867073827914496,20.487596186203294,4/4/3/3/3/3,1ac9f13ac1ea19b497799821fda050f3def2d460f9daba18ea31e52e8f122a77
kodim24.png,32,0.33770751953125,33.05733996005663,32.96098212877012,0.09635783128651099,0.05355515633549593,13.47501070870929,13.963206203979784,5/5/4/3/3/3,fea62dfe37196caceee4dfe00fd72ec2d521f76ff5b9810e715ea93fa27b545d
kodim24.png,48,0.7003987630208334,36.722871481746225,36.567632650521304,0.15523883122492066,0.09689287482563246,13.47501070870929,13.963206203979784,5/5/4/3/3/3,80eabcd1ca6c84eefe3c3f483d5cfff80d6ab35c3d95527a1471446b9d910b72
kodim24.png,63,1.1827799479166667,39.87905516297636,39.725798341051366,0.15325682192499102,0.0559026448760354,7.082947589504085,7.438813241524034,5/5/5/5/3/3,eb19c00e9f8f920fb447f9f8ae9d5ba86b804dedbe979b36bb883136ac3706e1
