budget,qp,n,mean,lo,hi
0.05,0,50,2.9317332675059635,2.0910683310528606,3.798222201615572
0.05,16,50,3.371228460470835,2.358812533989549,4.424348892072835
0.05,32,43,2.2820671734421754,1.1723307016803788,3.4352368451654893
0.05,48,34,1.0734947814660916,0.0659503043793589,2.0607132925925864
0.05,63,27,0.38542036656980255,-1.1199922362963344,1.7250834533737767
0.1,0,53,1.986881731628622,1.3185857695134942,2.682849450142315
0.1,16,53,2.7801022252196783,2.026543288274943,3.608168433508221
0.1,32,53,3.3467576282579197,2.46712268954553,4.270816783602318
0.1,48,53,2.773275983595999,1.7967216842017084,3.7587338384217444
0.1,63,51,1.774768580993017,0.6039144408469114,2.842720626396876
0.15,0,53,0.8062517783551841,0.3890732717963883,1.2779238640137434
0.15,16,53,1.5578153176502612,0.9644066711547988,2.234413872303079
0.15,32,53,2.463682611595909,1.736685899045294,3.2466187298344726
0.15,48,53,2.737943066178628,2.010973504527748,3.4902684938092277
0.15,63,53,2.531712229521769,1.8211839743099119,3.285123022589481
0.2,0,53,0.25313200815668646,0.021094334013057204,0.5695470183525446
0.2,16,53,0.550205409526825,0.21088474475831306,0.9580730185756128
0.2,32,53,1.4452779630445085,0.8683227084155352,2.0894045793925806
0.2,48,53,2.1374837960462147,1.4335320916425132,2.8455591818915225
0.2,63,53,2.149049891803249,1.4283830148618921,2.8809478172341225
0.3,0,53,0.021094334013057204,0.0,0.06328300203917162
0.3,16,53,0.09140878072324789,0.0,0.2742263421697437
0.3,32,53,0.21094334013057206,0.0,0.5484526843394874
0.3,48,53,0.6222725814243534,0.22500622947261031,1.0863273857899431
0.3,63,53,0.9694218972943861,0.3115744691974707,1.6505545630769904
0.5,0,53,0.0,0.0,0.0
0.5,16,53,0.0,0.0,0.0
0.5,32,53,0.028125778684076407,0.0,0.08437733605222922
0.5,48,53,0.028125778684076407,0.0,0.08437733605222922
0.5,63,53,0.04218866802611441,0.0,0.12656600407834323
